{"AAPL":{"quantity":116239.36,"totalCost":1255951.36},"COF":{"quantity":768.0,"totalCost":5767.68},"ABCD":{"quantity":6277.85072,"totalCost":3.14301792E7},"EHG":{"quantity":1440.0,"totalCost":1249.92},"JPLA":{"quantity":1393.92,"totalCost":1.581939397136E7}}