{
  "MSFT": {
    "quantity": 356.48,
    "totalCost": 359.9881
  },
  "GOOGL": {
    "quantity": 271.56,
    "totalCost": 51588.484
  },
  "AAPL": {
    "quantity": 48.84,
    "totalCost": 363.24243
  },
  "AMZN": {
    "quantity": 348.0,
    "totalCost": 209.33209
  }
}